s,k,E,N,phi,r,V,beta,delta_cmd,wheel_torque_cmd,rear_wr,e_min,e_max
0.000000,-0.003990,-3.137350,-1.467355,-1.640924,-0.019952,5.000000,0.000000,-0.001037,0.000000,5.000000,-0.260000,0.780000
0.099885,-0.004205,-3.037712,-1.474374,-1.641333,-0.021023,5.000000,0.000000,-0.001093,0.000000,5.000000,-0.240000,0.800000
0.199769,-0.005184,-2.938077,-1.481436,-1.641802,-0.025922,5.000000,0.000000,-0.001348,0.000000,5.000000,-0.220000,0.820000
0.299654,-0.005792,-2.838446,-1.488549,-1.642350,-0.028961,5.000000,0.000000,-0.001506,0.000000,5.000000,-0.220000,0.800000
0.399538,-0.007315,-2.738820,-1.495722,-1.643005,-0.036573,5.000000,0.000000,-0.001902,0.000000,5.000000,-0.240000,0.800000
0.499423,-0.009849,-2.639198,-1.502969,-1.643861,-0.049247,5.000000,0.000000,-0.002561,0.000000,5.000000,-0.200000,0.820000
0.599308,-0.013433,-2.539584,-1.510315,-1.645022,-0.067164,5.000000,0.000000,-0.003493,0.000000,5.000000,-0.200000,0.820000
0.699192,-0.018479,-2.439980,-1.517797,-1.646613,-0.092397,5.000000,0.000000,-0.004805,0.000000,5.000000,-0.200000,0.840000
0.799077,-0.024345,-2.340390,-1.525465,-1.648761,-0.121727,5.000000,0.000000,-0.006330,0.000000,5.000000,-0.180000,0.840000
0.898961,-0.027157,-2.240819,-1.533371,-1.651363,-0.135783,5.000000,0.000000,-0.007061,0.000000,5.000000,-0.180000,0.820000
0.998846,-0.024350,-2.141269,-1.541541,-1.653948,-0.121752,5.000000,0.000000,-0.006331,0.000000,5.000000,-0.180000,0.840000
1.098731,-0.020243,-2.041739,-1.549950,-1.656153,-0.101217,5.000000,0.000000,-0.005263,0.000000,5.000000,-0.180000,0.840000
1.198615,-0.019119,-1.942227,-1.558564,-1.658109,-0.095594,5.000000,0.000000,-0.004971,0.000000,5.000000,-0.200000,0.860000
1.298500,-0.018819,-1.842731,-1.567369,-1.660017,-0.094095,5.000000,0.000000,-0.004893,0.000000,5.000000,-0.180000,0.860000
1.398384,-0.017010,-1.743252,-1.576360,-1.661814,-0.085051,5.000000,0.000000,-0.004423,0.000000,5.000000,-0.200000,0.880000
1.498269,-0.014819,-1.643788,-1.585519,-1.663391,-0.074093,5.000000,0.000000,-0.003853,0.000000,5.000000,-0.180000,0.880000
1.598154,-0.013778,-1.544338,-1.594826,-1.664814,-0.068891,5.000000,0.000000,-0.003582,0.000000,5.000000,-0.200000,0.860000
1.698038,-0.013040,-1.444901,-1.604271,-1.666157,-0.065198,5.000000,0.000000,-0.003390,0.000000,5.000000,-0.200000,0.880000
1.797923,-0.011923,-1.345476,-1.613844,-1.667407,-0.059617,5.000000,0.000000,-0.003100,0.000000,5.000000,-0.200000,0.880000
1.897807,-0.010534,-1.246063,-1.623536,-1.668530,-0.052671,5.000000,0.000000,-0.002739,0.000000,5.000000,-0.200000,0.880000
1.997692,-0.009302,-1.146660,-1.633333,-1.669513,-0.046509,5.000000,0.000000,-0.002418,0.000000,5.000000,-0.220000,0.880000
2.097577,-0.008362,-1.047266,-1.643222,-1.670401,-0.041808,5.000000,0.000000,-0.002174,0.000000,5.000000,-0.220000,0.900000
2.197461,-0.006684,-0.947881,-1.653194,-1.671166,-0.033420,5.000000,0.000000,-0.001738,0.000000,5.000000,-0.220000,0.880000
2.297346,-0.003574,-0.848502,-1.663231,-1.671700,-0.017872,5.000000,0.000000,-0.000929,0.000000,5.000000,-0.220000,0.900000
2.397230,0.001864,-0.749126,-1.673303,-1.671817,0.009318,5.000000,0.000000,0.000485,0.000000,5.000000,-0.240000,0.900000
2.497115,0.012765,-0.649748,-1.683354,-1.671206,0.063823,5.000000,0.000000,0.003319,0.000000,5.000000,-0.220000,0.900000
2.597000,0.040248,-0.550357,-1.693266,-1.668768,0.201239,5.000000,0.000000,0.010464,0.000000,5.000000,-0.240000,0.900000
2.696884,0.098647,-0.450923,-1.702743,-1.661946,0.493233,5.000000,0.000000,0.025643,0.000000,5.000000,-0.200000,0.900000
2.796769,0.179193,-0.351398,-1.711210,-1.648021,0.895967,5.000000,0.000000,0.046557,0.000000,5.000000,-0.180000,0.880000
2.896653,0.243573,-0.251738,-1.717914,-1.626811,1.202541,4.937084,0.000000,0.063245,0.000000,4.937084,-0.180000,0.900000
2.996538,0.276337,-0.151947,-1.722236,-1.600787,1.345718,4.869840,0.000000,0.071724,0.000000,4.869840,-0.180000,0.900000
3.096423,0.292633,-0.052076,-1.723824,-1.572322,1.406678,4.806968,0.000000,0.075938,0.000000,4.806968,-0.160000,0.900000
3.196307,0.294966,0.047800,-1.722506,-1.542786,1.398049,4.739695,0.000000,0.076541,0.000000,4.739695,-0.160000,0.880000
3.296192,0.266877,0.147595,-1.718280,-1.514603,1.241874,4.653356,0.000000,0.069277,0.000000,4.653356,-0.200000,0.860000
3.396076,0.230529,0.247243,-1.711411,-1.489990,1.048902,4.549968,0.000000,0.059866,0.000000,4.549968,-0.220000,0.860000
3.495961,0.221039,0.346704,-1.702226,-1.467636,0.981202,4.439046,0.000000,0.057407,0.000000,4.439046,-0.200000,0.860000
3.595846,0.228894,0.445937,-1.690833,-1.445204,0.989829,4.324407,0.000000,0.059442,0.000000,4.324407,-0.280000,0.840000
3.695730,0.241545,0.544883,-1.677171,-1.421775,1.016075,4.206571,0.000000,0.062719,0.000000,4.206571,-0.360000,0.820000
3.795615,0.260182,0.643470,-1.661121,-1.396745,1.063155,4.086198,0.000000,0.067544,0.000000,4.086198,-0.380000,0.800000
3.895499,0.281271,0.741606,-1.642512,-1.369695,1.114710,3.963121,0.000000,0.073000,0.000000,3.963121,-0.420000,0.780000
3.995384,0.301177,0.839181,-1.621155,-1.340600,1.155405,3.836298,0.000000,0.078147,0.000000,3.836298,-0.420000,0.780000
4.095269,0.319450,0.936071,-1.596875,-1.309606,1.183388,3.704456,0.000000,0.082867,0.000000,3.704456,-0.440000,0.760000
4.195153,0.338267,1.032136,-1.569515,-1.276759,1.206461,3.566594,0.000000,0.087724,0.000000,3.566594,-0.500000,0.720000
4.295038,0.361397,1.127220,-1.538920,-1.241837,1.236759,3.422165,0.000000,0.093688,0.000000,3.422165,-0.560000,0.680000
4.394922,0.393177,1.221136,-1.504905,-1.204223,1.286074,3.270983,0.000000,0.101872,0.000000,3.270983,-0.620000,0.660000
4.494807,0.440253,1.313639,-1.467217,-1.162778,1.370695,3.113422,0.000000,0.113970,0.000000,3.113422,-0.700000,0.620000
4.594692,0.509447,1.404391,-1.425487,-1.115655,1.503036,2.950330,0.000000,0.131690,0.000000,2.950330,-0.780000,0.600000
4.694576,0.606305,1.492899,-1.379184,-1.060327,1.687225,2.782800,0.000000,0.156353,0.000000,2.782800,-0.840000,0.560000
4.794461,0.739776,1.578433,-1.327597,-0.993643,1.932850,2.612750,0.000000,0.190021,0.000000,2.612750,-0.920000,0.520000
4.894345,0.932267,1.659907,-1.269817,-0.911031,2.280405,2.446086,0.000000,0.237803,0.000000,2.446086,-1.000000,0.480000
4.994230,1.235129,1.735604,-1.204673,-0.804271,2.851874,2.308968,0.000000,0.310731,0.000000,2.308968,-1.040000,0.460000
5.094115,1.480155,1.802723,-1.130771,-0.666043,3.257820,2.200999,0.000000,0.367370,0.000000,2.200999,-1.040000,0.420000
5.193999,1.620016,1.858270,-1.047846,-0.511295,3.565654,2.200999,0.000000,0.398651,0.000000,2.200999,-1.000000,0.420000
5.293884,1.541945,1.899961,-0.957152,-0.351936,3.393818,2.200999,0.000000,0.381287,0.000000,2.200999,-0.900000,0.320000
5.393768,1.395353,1.927290,-0.861125,-0.204969,3.128864,2.242347,0.000000,0.348025,0.000000,2.242347,-0.780000,0.300000
5.493653,1.241944,1.941011,-0.762217,-0.073287,2.858248,2.301431,0.000000,0.312336,0.000000,2.301431,-0.700000,0.180000
5.593538,1.119858,1.942352,-0.662364,0.044423,2.655591,2.371364,0.000000,0.283330,0.000000,2.371364,-0.660000,0.200000
5.693422,1.020399,1.932513,-0.562982,0.151296,2.495487,2.445598,0.000000,0.259330,0.000000,2.445598,-0.620000,0.180000
5.793307,0.925366,1.912606,-0.465112,0.248459,2.333263,2.521448,0.000000,0.236108,0.000000,2.521448,-0.600000,0.220000
5.893191,0.837269,1.883741,-0.369493,0.336432,2.175986,2.598910,0.000000,0.214346,0.000000,2.598910,-0.560000,0.320000
5.993076,0.761053,1.846978,-0.276618,0.416109,2.037843,2.677662,0.000000,0.195350,0.000000,2.677662,-0.520000,0.400000
6.092961,0.699836,1.803259,-0.186804,0.488897,1.929396,2.756925,0.000000,0.179988,0.000000,2.756925,-0.480000,0.440000
6.192845,0.652618,1.753364,-0.100267,0.556321,1.850642,2.835721,0.000000,0.168080,0.000000,2.835721,-0.400000,0.520000
6.292730,0.616675,1.697930,-0.017169,0.619664,1.796519,2.913236,0.000000,0.158982,0.000000,2.913236,-0.340000,0.580000
6.392615,0.589150,1.637478,0.062351,0.679879,1.760913,2.988905,0.000000,0.151997,0.000000,2.988905,-0.300000,0.620000
6.492499,0.567626,1.572448,0.138172,0.737641,1.738281,3.062373,0.000000,0.146525,0.000000,3.062373,-0.260000,0.680000
6.592384,0.549151,1.503224,0.210183,0.793401,1.720737,3.133449,0.000000,0.141821,0.000000,3.133449,-0.220000,0.700000
6.692268,0.532506,1.430155,0.278287,0.847417,1.705182,3.202184,0.000000,0.137577,0.000000,3.202184,-0.180000,0.740000
6.792153,0.517017,1.353569,0.342408,0.899832,1.689977,3.268708,0.000000,0.133623,0.000000,3.268708,-0.160000,0.760000
6.892038,0.501485,1.273775,0.402490,0.950712,1.671544,3.333189,0.000000,0.129655,0.000000,3.333189,-0.160000,0.780000
6.991922,0.484002,1.191075,0.458501,0.999958,1.643627,3.395911,0.000000,0.125182,0.000000,3.395911,-0.160000,0.800000
7.091807,0.463080,1.105766,0.510453,1.047284,1.601044,3.457384,0.000000,0.119824,0.000000,3.457384,-0.200000,0.840000
7.191691,0.435627,1.018150,0.558411,1.092204,1.532662,3.518286,0.000000,0.112782,0.000000,3.518286,-0.240000,0.840000
7.291576,0.396449,0.928536,0.602525,1.133873,1.419143,3.579632,0.000000,0.102714,0.000000,3.579632,-0.280000,0.860000
7.391461,0.332121,0.837254,0.643075,1.170628,1.209878,3.642880,0.000000,0.086138,0.000000,3.642880,-0.320000,0.840000
7.491345,0.226942,0.744689,0.680605,1.198883,0.842027,3.710316,0.000000,0.058937,0.000000,3.710316,-0.340000,0.860000
7.591230,0.109949,0.651302,0.716043,1.215341,0.416013,3.783678,0.000000,0.028579,0.000000,3.783678,-0.340000,0.840000
7.691114,0.033842,0.557525,0.750434,1.221901,0.130647,3.860485,0.000000,0.008799,0.000000,3.860485,-0.380000,0.840000
7.790999,0.005745,0.463620,0.784477,1.223596,0.022618,3.937184,0.000000,0.001494,0.000000,3.937184,-0.420000,0.820000
7.890884,0.000327,0.369690,0.818448,1.223854,0.001311,4.012566,0.000000,0.000085,0.000000,4.012566,-0.440000,0.780000
7.990768,-0.000137,0.275757,0.852410,1.223856,-0.000562,4.086562,0.000000,-0.000036,0.000000,4.086562,-0.480000,0.720000
8.090653,0.000842,0.181823,0.886373,1.223891,0.003501,4.159243,0.000000,0.000219,0.000000,4.159243,-0.520000,0.620000
8.190537,0.001955,0.087887,0.920327,1.224030,0.008271,4.230675,0.000000,0.000508,0.000000,4.230675,-0.540000,0.540000
8.290422,0.003660,-0.006057,0.954261,1.224309,0.015743,4.300920,0.000000,0.000952,0.000000,4.300920,-0.560000,0.480000
8.390307,0.006316,-0.100013,0.988161,1.224801,0.027601,4.370034,0.000000,0.001642,0.000000,4.370034,-0.580000,0.400000
8.490191,0.012426,-0.193992,1.021997,1.225712,0.055149,4.438066,0.000000,0.003231,0.000000,4.438066,-0.580000,0.340000
8.590076,0.025574,-0.288015,1.055710,1.227560,0.115211,4.505047,0.000000,0.006649,0.000000,4.505047,-0.580000,0.280000
8.689960,0.056942,-0.382132,1.089161,1.231580,0.260277,4.570935,0.000000,0.014804,0.000000,4.570935,-0.600000,0.240000
8.789845,0.116477,-0.476450,1.122040,1.240170,0.539902,4.635280,0.000000,0.030275,0.000000,4.635280,-0.600000,0.200000
8.889730,0.173555,-0.571145,1.153816,1.254925,0.815041,4.696152,0.000000,0.045094,0.000000,4.696152,-0.600000,0.180000
8.989614,0.182558,-0.666365,1.183984,1.273257,0.867431,4.751530,0.000000,0.047430,0.000000,4.751530,-0.600000,0.160000
9.089499,0.141486,-0.762109,1.212443,1.289822,0.679823,4.804898,0.000000,0.036770,0.000000,4.804898,-0.580000,0.160000
9.189383,0.084995,-0.858244,1.239554,1.301082,0.413185,4.861273,0.000000,0.022095,0.000000,4.861273,-0.580000,0.180000
9.289268,0.044151,-0.954608,1.265839,1.307294,0.217244,4.920500,0.000000,0.011479,0.000000,4.920500,-0.560000,0.240000
9.389153,0.021143,-1.051090,1.291687,1.310408,0.105300,4.980466,0.000000,0.005497,0.000000,4.980466,-0.540000,0.320000
9.489037,0.007701,-1.147628,1.317327,1.311780,0.038505,5.000000,0.000000,0.002002,0.000000,5.000000,-0.540000,0.360000
9.588922,-0.000732,-1.244186,1.342889,1.312086,-0.003659,5.000000,0.000000,-0.000190,0.000000,5.000000,-0.500000,0.400000
9.688806,-0.004651,-1.340743,1.368455,1.311765,-0.023256,5.000000,0.000000,-0.001209,0.000000,5.000000,-0.480000,0.460000
9.788691,-0.005206,-1.437289,1.394065,1.311238,-0.026031,5.000000,0.000000,-0.001354,0.000000,5.000000,-0.460000,0.500000
9.888576,-0.003882,-1.533821,1.419725,1.310767,-0.019411,5.000000,0.000000,-0.001009,0.000000,5.000000,-0.420000,0.560000
9.988460,-0.001580,-1.630344,1.445422,1.310485,-0.007898,5.000000,0.000000,-0.000411,0.000000,5.000000,-0.400000,0.640000
10.088345,0.000766,-1.726862,1.471134,1.310455,0.003832,5.000000,0.000000,0.000199,0.000000,5.000000,-0.360000,0.700000
10.188229,0.001524,-1.823383,1.496839,1.310605,0.007618,5.000000,0.000000,0.000396,0.000000,5.000000,-0.320000,0.760000
10.288114,-0.002249,-1.919907,1.522531,1.310651,-0.011244,5.000000,0.000000,-0.000585,0.000000,5.000000,-0.300000,0.820000
10.387999,-0.016453,-2.016423,1.548253,1.309833,-0.082264,5.000000,0.000000,-0.004278,0.000000,5.000000,-0.280000,0.860000
10.487883,-0.049404,-2.112892,1.574150,1.306720,-0.247018,5.000000,0.000000,-0.012844,0.000000,5.000000,-0.260000,0.920000
10.587768,-0.110631,-2.209224,1.600552,1.298866,-0.553156,5.000000,0.000000,-0.028756,0.000000,5.000000,-0.240000,0.960000
10.687652,-0.178075,-2.305254,1.628031,1.284164,-0.890377,5.000000,0.000000,-0.046267,0.000000,5.000000,-0.220000,1.000000
10.787537,-0.208491,-2.400786,1.657192,1.264415,-1.042457,5.000000,0.000000,-0.054155,0.000000,5.000000,-0.160000,1.000000
10.887422,-0.231946,-2.495689,1.688338,1.242559,-1.159729,5.000000,0.000000,-0.060233,0.000000,5.000000,-0.200000,1.000000
10.987306,-0.261866,-2.589842,1.721685,1.217740,-1.309328,5.000000,0.000000,-0.067980,0.000000,5.000000,-0.180000,0.980000
11.087191,-0.279423,-2.683092,1.757476,1.190628,-1.397115,5.000000,0.000000,-0.072523,0.000000,5.000000,-0.160000,0.960000
11.187075,-0.280536,-2.775317,1.795835,1.162647,-1.402679,5.000000,0.000000,-0.072810,0.000000,5.000000,-0.160000,0.940000
11.286960,-0.270454,-2.866423,1.836778,1.134234,-1.352272,5.000000,0.000000,-0.070203,0.000000,5.000000,-0.180000,0.940000
11.386845,-0.114979,-2.956435,1.880076,1.112973,-0.574896,5.000000,0.000000,-0.029886,0.000000,5.000000,-0.160000,0.920000
11.486729,0.144844,-3.045991,1.924313,1.115415,0.724221,5.000000,0.000000,0.037642,0.000000,5.000000,-0.160000,0.880000
11.586614,0.279897,-3.136151,1.967299,1.138758,1.399485,5.000000,0.000000,0.072645,0.000000,5.000000,-0.160000,0.880000
11.686498,0.298601,-3.227454,2.007805,1.168057,1.493005,5.000000,0.000000,0.077481,0.000000,5.000000,-0.180000,0.840000
11.786383,0.299390,-3.319921,2.045578,1.197917,1.496949,5.000000,0.000000,0.077685,0.000000,5.000000,-0.180000,0.840000
11.886268,0.299186,-3.413476,2.080569,1.227850,1.495928,5.000000,0.000000,0.077632,0.000000,5.000000,-0.200000,0.820000
11.986152,0.297423,-3.508035,2.112750,1.257647,1.487115,5.000000,0.000000,0.077176,0.000000,5.000000,-0.220000,0.780000
12.086037,0.295879,-3.603508,2.142108,1.287275,1.479396,5.000000,0.000000,0.076777,0.000000,5.000000,-0.240000,0.740000
12.185921,0.294629,-3.699807,2.168632,1.316767,1.473147,5.000000,0.000000,0.076454,0.000000,5.000000,-0.260000,0.720000
12.285806,0.293629,-3.796846,2.192310,1.346141,1.468143,5.000000,0.000000,0.076196,0.000000,5.000000,-0.280000,0.680000
12.385691,0.293250,-3.894536,2.213132,1.375451,1.466250,5.000000,0.000000,0.076098,0.000000,5.000000,-0.320000,0.620000
12.485575,0.293004,-3.992795,2.231084,1.404729,1.465022,5.000000,0.000000,0.076034,0.000000,5.000000,-0.360000,0.560000
12.585460,0.293089,-4.091538,2.246152,1.433999,1.461517,4.986589,0.000000,0.076056,0.000000,4.986589,-0.360000,0.500000
12.685344,0.292621,-4.190678,2.258324,1.463252,1.444409,4.936105,0.000000,0.075935,0.000000,4.936105,-0.400000,0.460000
12.785229,0.290809,-4.290132,2.267595,1.492400,1.418724,4.878535,0.000000,0.075467,0.000000,4.878535,-0.440000,0.400000
12.885114,0.290311,-4.389813,2.273973,1.521408,1.397829,4.814938,0.000000,0.075338,0.000000,4.814938,-0.480000,0.360000
12.984998,0.293072,-4.489638,2.277454,1.550508,1.391280,4.747233,0.000000,0.076052,0.000000,4.747233,-0.520000,0.300000
13.084883,0.299227,-4.589521,2.278011,1.580056,1.399506,4.677066,0.000000,0.077643,0.000000,4.677066,-0.560000,0.260000
13.184767,0.306891,-4.689376,2.275581,1.610320,1.413200,4.604888,0.000000,0.079623,0.000000,4.604888,-0.580000,0.220000
13.284652,0.316300,-4.789109,2.270090,1.641426,1.433225,4.531228,0.000000,0.082053,0.000000,4.531228,-0.620000,0.220000
13.384537,0.327427,-4.888618,2.261451,1.673564,1.459200,4.456573,0.000000,0.084926,0.000000,4.456573,-0.660000,0.200000
13.484421,0.341251,-4.987792,2.249559,1.706944,1.495338,4.381936,0.000000,0.088493,0.000000,4.381936,-0.680000,0.180000
13.584306,0.358777,-5.086501,2.234289,1.741901,1.545978,4.309027,0.000000,0.093013,0.000000,4.309027,-0.680000,0.180000
13.684190,0.374596,-5.184601,2.215495,1.778522,1.587046,4.236694,0.000000,0.097089,0.000000,4.236694,-0.700000,0.160000
13.784075,0.390714,-5.281929,2.193044,1.816764,1.627226,4.164748,0.000000,0.101238,0.000000,4.164748,-0.740000,0.140000
13.883960,0.404429,-5.378306,2.166814,1.856510,1.654641,4.091302,0.000000,0.104767,0.000000,4.091302,-0.760000,0.160000
13.983844,0.416690,-5.473546,2.136714,1.897512,1.672936,4.014818,0.000000,0.107919,0.000000,4.014818,-0.800000,0.160000
14.083729,0.431881,-5.567451,2.102675,1.939840,1.699897,3.936029,0.000000,0.111821,0.000000,3.936029,-0.820000,0.160000
14.183613,0.455213,-5.659798,2.064613,1.984036,1.756436,3.858488,0.000000,0.117807,0.000000,3.858488,-0.880000,0.160000
14.283498,0.485364,-5.750316,2.022390,2.030972,1.837547,3.785919,0.000000,0.125531,0.000000,3.785919,-0.940000,0.180000
14.383383,0.514482,-5.838683,1.975832,2.080941,1.913084,3.718465,0.000000,0.132976,0.000000,3.718465,-1.000000,0.180000
14.483267,0.535453,-5.924545,1.924805,2.133429,1.954837,3.650807,0.000000,0.138329,0.000000,3.650807,-1.120000,0.180000
14.583152,0.552943,-6.007558,1.869263,2.187797,1.979258,3.579497,0.000000,0.142787,0.000000,3.579497,-1.160000,0.200000
14.683036,0.571884,-6.087377,1.809222,2.243954,2.003826,3.503900,0.000000,0.147608,0.000000,3.503900,-0.980000,0.180000
14.782921,0.596674,-6.163633,1.744717,2.302262,2.044094,3.425816,0.000000,0.153908,0.000000,3.425816,-1.060000,0.220000
14.882806,0.634387,-6.235902,1.675775,2.363620,2.126321,3.351772,0.000000,0.163469,0.000000,3.351772,-1.240000,0.220000
14.982690,0.683307,-6.303651,1.602390,2.429412,2.249480,3.292047,0.000000,0.175825,0.000000,3.292047,-1.340000,0.200000
15.082575,0.722230,-6.366243,1.524564,2.499746,2.345956,3.248213,0.000000,0.185618,0.000000,3.248213,-1.220000,0.240000
15.182459,0.743823,-6.423069,1.442435,2.573255,2.416097,3.248213,0.000000,0.191036,0.000000,3.248213,-1.080000,0.220000
15.282344,0.744859,-6.473655,1.356319,2.647679,2.400795,3.223154,0.000000,0.191295,0.000000,3.223154,-1.020000,0.240000
15.382229,0.758526,-6.517683,1.266670,2.722697,2.418467,3.188376,0.000000,0.194718,0.000000,3.188376,-0.960000,0.260000
15.482113,0.776559,-6.554792,1.173942,2.799441,2.451874,3.157358,0.000000,0.199227,0.000000,3.157358,-0.960000,0.240000
15.581998,0.787248,-6.584606,1.078616,2.877683,2.485623,3.157358,0.000000,0.201896,0.000000,3.157358,-0.900000,0.240000
15.681882,0.786677,-6.606843,0.981243,2.956448,2.483821,3.157358,0.000000,0.201753,0.000000,3.157358,-0.880000,0.240000
15.781767,0.776968,-6.621370,0.882425,3.034635,2.455972,3.160969,0.000000,0.199329,0.000000,3.160969,-0.840000,0.220000
15.881652,0.763834,-6.628192,0.782777,3.111615,2.425045,3.174831,0.000000,0.196046,0.000000,3.174831,-0.860000,0.220000
15.981536,0.752292,-6.627395,0.682901,-3.095863,2.402125,3.193076,0.000000,0.193157,0.000000,3.193076,-0.860000,0.200000
16.081421,0.736531,-6.619109,0.583367,-3.021438,2.366383,3.212878,0.000000,0.189207,0.000000,3.212878,-0.880000,0.180000
16.181305,0.705322,-6.603542,0.484710,-2.949255,2.282367,3.235920,0.000000,0.181369,0.000000,3.235920,-0.920000,0.180000
16.281190,0.658993,-6.581078,0.387390,-2.880991,2.152986,3.267086,0.000000,0.169690,0.000000,3.267086,-0.940000,0.200000
16.381075,0.610121,-6.552261,0.291758,-2.817633,2.017983,3.307511,0.000000,0.157321,0.000000,3.307511,-0.980000,0.240000
16.480959,0.568522,-6.517664,0.198060,-2.758824,1.907294,3.354827,0.000000,0.146753,0.000000,3.354827,-1.040000,0.260000
16.580844,0.533448,-6.477798,0.106478,-2.703812,1.817005,3.406151,0.000000,0.137817,0.000000,3.406151,-1.100000,0.280000
16.680728,0.500888,-6.433109,0.017150,-2.652167,1.732984,3.459822,0.000000,0.129502,0.000000,3.459822,-1.180000,0.300000
16.780613,0.473606,-6.384005,-0.069829,-2.603620,1.664848,3.515260,0.000000,0.122521,0.000000,3.515260,-1.320000,0.300000
16.880498,0.474638,-6.330828,-0.154378,-2.556727,1.695220,3.571602,0.000000,0.122785,0.000000,3.571602,-1.340000,0.300000
16.980382,0.581931,-6.273653,-0.236273,-2.505646,2.109257,3.624586,0.000000,0.150163,0.000000,3.624586,-1.400000,0.320000
17.080267,0.414293,-6.212416,-0.315177,-2.461765,1.509358,3.643210,0.000000,0.107303,0.000000,3.643210,-1.580000,0.300000
17.180151,0.441369,-6.147644,-0.391202,-2.411128,1.633694,3.701424,0.000000,0.114256,0.000000,3.701424,-1.720000,0.300000
17.280036,0.377993,-6.079482,-0.464211,-2.370980,1.418482,3.752671,0.000000,0.097964,0.000000,3.752671,-1.540000,0.320000
17.379921,0.361113,-6.008594,-0.534578,-2.334287,1.376162,3.810893,0.000000,0.093615,0.000000,3.810893,-1.360000,0.340000
17.479805,0.354574,-5.935210,-0.602340,-2.298586,1.371829,3.868947,0.000000,0.091929,0.000000,3.868947,-1.220000,0.340000
17.579690,0.346910,-5.859474,-0.667462,-2.263524,1.361823,3.925586,0.000000,0.089953,0.000000,3.925586,-1.100000,0.380000
17.679574,0.338383,-5.781527,-0.729922,-2.229295,1.347129,3.981078,0.000000,0.087754,0.000000,3.981078,-1.020000,0.440000
17.779459,0.329028,-5.701514,-0.789713,-2.195952,1.327845,4.035657,0.000000,0.085340,0.000000,4.035657,-0.940000,0.460000
17.879344,0.321137,-5.619579,-0.846841,-2.163501,1.313306,4.089545,0.000000,0.083303,0.000000,4.089545,-0.880000,0.480000
17.979228,0.314734,-5.535853,-0.901311,-2.131755,1.303827,4.142628,0.000000,0.081649,0.000000,4.142628,-0.820000,0.520000
18.079113,0.308871,-5.450456,-0.953122,-2.100611,1.295647,4.194777,0.000000,0.080135,0.000000,4.194777,-0.760000,0.540000
18.178997,0.302457,-5.363502,-1.002274,-2.070064,1.284233,4.245997,0.000000,0.078477,0.000000,4.245997,-0.720000,0.580000
18.278882,0.295745,-5.275102,-1.048777,-2.040189,1.270656,4.296454,0.000000,0.076743,0.000000,4.296454,-0.680000,0.600000
18.378767,0.289663,-5.185368,-1.092649,-2.010963,1.258954,4.346269,0.000000,0.075170,0.000000,4.346269,-0.620000,0.620000
18.478651,0.287979,-5.094401,-1.133904,-1.982220,1.265787,4.395416,0.000000,0.074735,0.000000,4.395416,-0.580000,0.640000
18.578536,0.293739,-5.002284,-1.172524,-1.953244,1.305151,4.443238,0.000000,0.076224,0.000000,4.443238,-0.560000,0.680000
18.678420,0.301611,-4.909072,-1.208422,-1.923450,1.353766,4.488448,0.000000,0.078259,0.000000,4.488448,-0.520000,0.680000
18.778305,0.304837,-4.814823,-1.241498,-1.893114,1.381063,4.530503,0.000000,0.079092,0.000000,4.530503,-0.500000,0.700000
18.878190,0.304791,-4.719611,-1.271692,-1.862654,1.392971,4.570254,0.000000,0.079080,0.000000,4.570254,-0.460000,0.760000
18.978074,0.303250,-4.623524,-1.298974,-1.832263,1.397510,4.608437,0.000000,0.078682,0.000000,4.608437,-0.440000,0.760000
19.077959,0.299625,-4.526656,-1.323335,-1.802144,1.391893,4.645446,0.000000,0.077746,0.000000,4.645446,-0.440000,0.800000
19.177844,0.294821,-4.429102,-1.344787,-1.772442,1.380310,4.681860,0.000000,0.076504,0.000000,4.681860,-0.420000,0.800000
19.277728,0.288005,-4.330959,-1.363359,-1.743306,1.358819,4.718035,0.000000,0.074742,0.000000,4.718035,-0.400000,0.780000
19.377613,0.276139,-4.232323,-1.379104,-1.715047,1.312912,4.754528,0.000000,0.071673,0.000000,4.754528,-0.380000,0.800000
19.477497,0.249591,-4.133292,-1.392135,-1.688592,1.196183,4.792574,0.000000,0.064803,0.000000,4.792574,-0.380000,0.780000
19.577382,0.193676,-4.033970,-1.402722,-1.666290,0.936440,4.835086,0.000000,0.050313,0.000000,4.835086,-0.360000,0.780000
19.677267,0.114625,-3.934464,-1.411417,-1.650944,0.559994,4.885444,0.000000,0.029794,0.000000,4.885444,-0.340000,0.760000
19.777151,0.047690,-3.834865,-1.418959,-1.642966,0.235710,4.942599,0.000000,0.012399,0.000000,4.942599,-0.340000,0.780000
19.877036,0.013488,-3.735228,-1.425983,-1.639971,0.067439,5.000000,0.000000,0.003507,0.000000,5.000000,-0.320000,0.780000
19.976920,0.001128,-3.635579,-1.432841,-1.639256,0.005642,5.000000,0.000000,0.000293,0.000000,5.000000,-0.320000,0.780000
20.076805,-0.003140,-3.535928,-1.439675,-1.639360,-0.015700,5.000000,0.000000,-0.000816,0.000000,5.000000,-0.300000,0.800000
20.176690,-0.004069,-3.436279,-1.446536,-1.639720,-0.020346,5.000000,0.000000,-0.001058,0.000000,5.000000,-0.280000,0.780000
20.276574,-0.004172,-3.336633,-1.453435,-1.640132,-0.020858,5.000000,0.000000,-0.001085,0.000000,5.000000,-0.280000,0.800000
20.376459,-0.003847,-3.236990,-1.460375,-1.640533,-0.019234,5.000000,0.000000,-0.001000,0.000000,5.000000,-0.280000,0.780000
20.476344,-0.003990,-3.137350,-1.467355,-1.640924,-0.019952,5.000000,0.000000,-0.001037,0.000000,5.000000,-0.260000,0.780000
